state,year,persons_avg,persons_max,n_months,state_fips,burden_index,no_online_app,recert_burden,no_bbce,no_simplereport,certnonearnavg,bbce,oapp_mean
Alabama,2014,902623,903079,3,1,0.16259587577014964,0,0.6503835030805986,0,0,12.036493333333334,1,1
Alabama,2015,883694.1666666666,894443,12,1,0.16313583433694429,0,0.6525433373477771,0,0,11.997031666666667,1,1
Alabama,2016,837111.5833333334,869982,12,1,0.16409673116559206,0,0.6563869246623683,0,0,11.926806666666666,1,1
Alabama,2017,794744.6666666666,815094,12,1,0.16435926455330757,0,0.6574370582132303,0,0,11.90762,1,1
Alabama,2018,755955.4166666666,771467,12,1,0.16595457906027863,0,0.6638183162411145,0,0,11.79103,1,1
Alabama,2019,659968.9166666666,734098,12,1,0.12411573774363155,0,0.6619506012993682,0,0,11.825154444444443,1,1
Alaska,2014,74847.33333333333,77908,3,2,0.7304092429832434,1,0.9216369719329733,1,0,7.08050475,0,0
Alaska,2015,81389.5,86215,12,2,0.730228473055828,1,0.9209138922233123,1,0,7.093715916666667,0,0
Alaska,2016,83385.5,86251,12,2,0.7299670001096109,1,0.9198680004384436,1,0,7.112825083333333,0,0
Alaska,2017,93798.5,101439,12,2,0.7232692698503155,1,0.8930770794012619,1,0,7.60231375,0,0
Alaska,2018,87295.25,95057,12,2,0.7097052048347886,1,0.8388208193391544,1,0,8.593613166666668,0,0
Alaska,2019,78546.08333333333,87526,12,2,0.7165798418217183,1,0.9328702674936086,1,0,6.875264666666666,0,0
Arizona,2010,1034267.1666666666,1055205,12,4,0.21648689241400015,0,0.8659475696560006,0,0,8.097988666666668,1,1
Arizona,2011,1088957.4166666667,1138220,12,4,0.2077030297119197,0,0.8308121188476788,0,0,8.739937666666666,1,1
Arizona,2012,1122238.9166666667,1137786,12,4,0.2036050641468132,0,0.8144202565872528,0,0,9.039428333333333,1,1
Arizona,2013,1096706.3333333333,1114638,12,4,0.19516175710075276,0,0.780647028403011,0,0,9.656488583333333,1,1
Arizona,2014,1034361.1666666666,1072103,12,4,0.19497336453740596,0,0.7798934581496239,0,0,9.670256833333333,1,1
Arizona,2015,987061.4166666666,1007623,12,4,0.20139367417866094,0,0.8055746967146438,0,0,9.201042833333334,1,1
Arizona,2016,952900.25,965233,12,4,0.20274325474371743,0,0.8109730189748697,0,0,9.10241175,1,1
Arizona,2017,900287.75,932091,12,4,0.20162066225150824,0,0.806482649006033,0,0,9.184453916666667,1,1
Arizona,2018,831409.75,855050,12,4,0.20170450440519713,0,0.8068180176207885,0,0,9.1783265,1,1
Arizona,2019,727317.9166666666,815689,12,4,0.15306668347135766,0,0.8163556451805742,0,0,9.004067444444445,1,1
Arkansas,2014,482710.3333333333,486130,3,5,0.3451114996994458,0,0.38044599879778324,1,0,16.96843833333333,0,1
Arkansas,2015,461715.8333333333,476089,12,5,0.34656543340923635,0,0.38626173363694527,1,0,16.862180833333333,0,1
Arkansas,2016,412663.8333333333,443941,12,5,0.3444298752705517,0,0.37771950108220687,1,0,17.018253333333334,0,1
Arkansas,2017,384349.4166666667,393349,12,5,0.3235816524263741,0,0.29432660970549634,1,0,18.541899166666667,0,1
Arkansas,2018,367410.4166666667,378791,12,5,0.31764807174973636,0,0.2705922869989454,1,0,18.975541666666665,0,1
Arkansas,2019,351097.8333333333,363301,12,5,0.31982513762113296,0,0.26128962286826485,1,0,19.145507777777777,0,1
California,2010,3357445.6666666665,3570066,12,6,0.4176623687816532,0,0.6706494751266127,0,1,11.66622,1,2
California,2011,3760865.5833333335,3904099,12,6,0.4162706362371679,0,0.6650825449486716,0,1,11.767931666666668,1,1.8333333333333333
California,2012,4022281.1666666665,4127070,12,6,0.4177794620477429,0,0.6711178481909716,0,1,11.6576625,1,1
California,2013,4197569.25,4295452,12,6,0.3538184701305603,0,0.6652738805222412,0,0.75,11.764435833333334,1,1
California,2014,4384201.5,4439090,12,6,0.16464585742017873,0,0.6585834296807149,0,0,11.886675,1,1
California,2015,4422455.75,4442010,12,6,0.16304228743315616,0,0.6521691497326246,0,0,12.003868333333333,1,1
California,2016,4288125.916666667,4384491,12,6,0.16227508651560654,0,0.6491003460624262,0,0,12.0599375,1,1
California,2017,4065284.8333333335,4165897,12,6,0.15923608923332883,0,0.6369443569333153,0,0,12.282035833333333,1,1
California,2018,3891812.0833333335,4003826,12,6,0.153874542628161,0,0.615498170512644,0,0,12.6738725,1,1
California,2019,3591396.6666666665,4059554,12,6,0.10870746575991759,0,0.5797731507195605,0,0,13.326593333333333,1,1
Colorado,2014,501817.6666666667,503645,3,8,0.17269482390157964,0,0.6907792956063186,0,0,11.29843425,1,1
Colorado,2015,489905.5,500125,12,8,0.18462531983827798,0,0.7385012793531119,0,0,10.426520583333334,1,1
Colorado,2016,472022.6666666667,480212,12,8,0.1742933664836924,0,0.6971734659347696,0,0,11.181608333333333,1,1
Colorado,2017,455335.9166666667,468636,12,8,0.17120156377583656,0,0.6848062551033463,0,0,11.407565833333333,1,1
Colorado,2018,452202.25,462062,12,8,0.1743582130514451,0,0.6974328522057804,0,0,11.176869166666666,1,1
Colorado,2019,409644.5833333333,456786,12,8,0.13521634812737252,0,0.7211538566793202,0,0,10.74347,1,1
Connecticut,2014,445479.3333333333,446146,3,9,0.3625584077494164,1,0.4502336309976656,0,0,15.69337,1,0
Connecticut,2015,440430.5,443804,12,9,0.13148799773611933,0.08333333333333333,0.442618657611144,0,0,15.832500833333333,1,0.9166666666666666
Connecticut,2016,427123.25,437065,12,9,0.10207861174606854,0,0.40831444698427416,0,0,16.4592625,1,1
Connecticut,2017,405819.4166666667,418102,12,9,0.10014076323254023,0,0.4005630529301609,0,0,16.600885833333333,1,1
Connecticut,2018,380251.9166666667,396007,12,9,0.10184865557728558,0,0.4073946223091423,0,0,16.476068333333334,1,1
Connecticut,2019,337609.9166666667,371393,12,9,0.07281247885958562,0,0.3883332205844567,0,0,16.824333333333332,1,1
Delaware,2014,151756.33333333334,153419,3,10,0.14174907825056654,0,0.5669963130022662,0,0,13.560035,1,1
Delaware,2015,148876.83333333334,153612,12,10,0.13815602879190347,0,0.5526241151676139,0,0,13.822625,1,1
Delaware,2016,148028.66666666666,151620,12,10,0.13464628670514142,0,0.5385851468205657,0,0,14.079126666666667,1,1
Delaware,2017,145548.83333333334,149625,12,10,0.13162014014940795,0,0.5264805605976318,0,0,14.300285833333334,1,1
Delaware,2018,138033.66666666666,143853,12,10,0.1221884822424898,0,0.4887539289699592,0,0,14.9895775,1,1
Delaware,2019,115910.16666666667,138562,12,10,0.08273695699830819,0,0.4412637706576437,0,0,15.857255555555556,1,1
District of Columbia,2010,122964.58333333333,132704,12,11,0.4613034087597777,1,0.5952136350391107,0.25,0,13.044485,0.75,0
District of Columbia,2011,137096.25,141112,12,11,0.3967466539672754,1,0.5869866158691016,0,0,13.194798333333333,1,0
District of Columbia,2012,142268,145398,12,11,0.39416906276273866,1,0.5766762510509545,0,0,13.383175833333333,1,0
District of Columbia,2013,144880.66666666666,146278,12,11,0.3893835297353087,1,0.5575341189412348,0,0,13.732915833333333,1,0
District of Columbia,2014,142633.83333333334,145070,12,11,0.39270235814458115,1,0.5708094325783246,0,0,13.490366666666667,1,0
District of Columbia,2015,140581,142476,12,11,0.39024798340059225,1,0.560991933602369,0,0,13.669739166666666,1,0
District of Columbia,2016,131540.91666666666,135796,12,11,0.38518104568781525,1,0.5407241827512609,0,0,14.040045,1,0
District of Columbia,2017,115561,125557,12,11,0.38378264262422757,1,0.5351305704969103,0,0,14.142244166666666,1,0
District of Columbia,2018,112742.08333333333,119885,12,11,0.3969760742140108,1,0.5879042968560433,0,0,13.178031666666666,1,0
District of Columbia,2019,100074.83333333333,111402,12,11,0.3782202757655083,1,0.5727303596382666,0,0,13.45527,1,0
Florida,2010,2743684.25,3043115,12,12,0.333415492463741,0,0.8336619698549641,0.5,0,8.687868916666666,0.5,1
Florida,2011,3140932.3333333335,3297834,12,12,0.21293914661250926,0,0.851756586450037,0,0,8.35726775,1,1
Florida,2012,3423192.5,3562318,12,12,0.21109844138178602,0,0.8443937655271441,0,0,8.491791583333333,1,1
Florida,2013,3556331.5833333335,3573410,12,12,0.21324996999748744,0,0.8529998799899497,0,0,8.334551916666667,1,1
Florida,2014,3563553.1666666665,3695060,12,12,0.2181946821353747,0,0.8727787285414988,0,0,7.973178666666667,1,1
Florida,2015,3659116.6666666665,3708499,12,12,0.2169026504761469,0,0.8676106019045876,0,0,8.067603916666666,1,1
Florida,2016,3347237.9166666665,3664055,12,12,0.20248418774541582,0,0.8099367509816633,0,0,9.121345083333333,1,1
Florida,2017,3452359.8333333335,5797835,12,12,0.21330138088548226,0,0.853205523541929,0,0,8.330794666666666,1,1
Florida,2018,3014660.5833333335,3205617,12,12,0.211041870818759,0,0.844167483275036,0,0,8.495925916666666,1,1
Florida,2019,2588237.8333333335,2888654,12,12,0.16028076550138332,0,0.854830749340711,0,0,8.301100666666667,1,1
Georgia,2010,1646831.8333333333,1743287,12,13,0.22306010859723688,0,0.8922404343889475,0,0,7.617599833333333,1,1
Georgia,2011,1817461.75,1885046,12,13,0.22878457933248142,0,0.9151383173299257,0,0,7.199239666666667,1,1
Georgia,2012,1935276.4166666667,1972221,12,13,0.2310229729302718,0,0.9240918917210872,0,0,7.035651666666666,1,1
Georgia,2013,1962980.3333333333,2123806,12,13,0.2284625836832015,0,0.913850334732806,0,0,7.222772,1,1
Georgia,2014,1896898.9166666667,2044251,12,13,0.22904070560107961,0,0.9161628224043185,0,0,7.18052125,1,1
Georgia,2015,1782361.25,1800006,12,13,0.22689394897212067,0,0.9075757958884827,0,0,7.337412166666667,1,1
Georgia,2016,1710319.9166666667,1897350,12,13,0.4711571839570536,1,0.8846287358282142,0,0,7.756670833333334,1,0
Georgia,2017,1601090.5,1656234,12,13,0.47158866734038685,1,0.8863546693615473,0,0,7.725136833333333,1,0
Georgia,2018,1537619.5833333333,1597214,12,13,0.46849947582718815,1,0.8739979033087526,0,0,7.9509035,1,0
Georgia,2019,1296670.1666666667,1452314,12,13,0.43676218471455086,1,0.8849538740331602,0,0,7.750730333333333,1,0
Hawaii,2010,143577.16666666666,156355,12,15,0.608711370009047,1,0.6848454800361877,0.75,0,11.406849166666667,0.25,0
Hawaii,2011,164155.33333333334,173143,12,15,0.4212559199545735,1,0.6850236798182942,0,0,11.403593333333333,1,0
Hawaii,2012,180764,187917,12,15,0.4216877819041191,1,0.6867511276164764,0,0,11.372031666666667,1,0
Hawaii,2013,191196.91666666666,194961,12,15,0.4229802548438414,1,0.6919210193753654,0,0,11.277574166666666,1,0
Hawaii,2014,194576.41666666666,196639,12,15,0.4242343580454789,1,0.6969374321819156,0,0,11.185920833333334,1,0
Hawaii,2015,185267.5,192916,12,15,0.42477640328747995,1,0.6991056131499198,0,0,11.146306666666668,1,0
Hawaii,2016,174558.25,178137,12,15,0.4228209377619633,1,0.6912837510478531,0,0,11.2892175,1,0
Hawaii,2017,167512.83333333334,171201,12,15,0.4277896991166691,1,0.7111587964666765,0,0,10.926086666666667,1,0
Hawaii,2018,162126.75,165140,12,15,0.4239817221117478,1,0.6959268884469911,0,0,11.204384166666667,1,0
Hawaii,2019,143473.58333333334,162260,12,15,0.3989060914240869,1,0.6830547098173525,0,0,11.439567777777778,1,0
Idaho,2010,206141.83333333334,223347,12,16,0.44223561930038924,1,0.7689424772015568,0,0,9.870338833333333,1,0
Idaho,2011,232349.25,236395,12,16,0.42627537953497696,1,0.7051015181399077,0,0,11.036757333333334,1,0
Idaho,2012,231136.41666666666,237816,12,16,0.4016922224401791,1,0.6067688897607163,0,0,12.8333625,1,0
Idaho,2013,224622.75,231301,12,16,0.43215763484309555,1,0.7286305393723821,0,0,10.606865833333334,1,0
Idaho,2014,207590.08333333334,217399,12,16,0.4242618269010647,1,0.6970473076042586,0,0,11.183913333333333,1,0
Idaho,2015,194206.83333333334,199944,12,16,0.4204524245715488,1,0.6818096982861952,0,0,11.462315,1,0
Idaho,2016,181778.16666666666,192272,12,16,0.44620149034311346,1,0.7848059613724538,0,0,9.580502,1,0
Idaho,2017,167633.08333333334,176682,12,16,0.4450196203114073,1,0.7800784812456292,0,0,9.666876333333333,1,0
Idaho,2018,154721.66666666666,162945,12,16,0.42476022300268285,1,0.6990408920107314,0,0,11.147489166666666,1,0
Idaho,2019,134415.33333333334,150376,12,16,0.3913941747070481,1,0.6429911539931457,0,0,12.171556666666667,1,0
Illinois,2014,2053277,2076871,3,17,0.16138063261825736,0,0.6455225304730294,0,0,12.125306666666667,1,1
Illinois,2015,2026362.75,2060572,12,17,0.1763018198763353,0,0.7052072795053412,0,0,11.034825,1,1
Illinois,2016,1895687,1938304,12,17,0.18111160622706574,0,0.7244464249082629,0,0,10.6833125,1,1
Illinois,2017,1865341.75,1902285,12,17,0.16723151026062213,0,0.6689260410424885,0,0,11.697708333333333,1,1
Illinois,2018,1803885.3333333333,1872619,12,17,0.16069692151415688,0,0.6427876860566275,0,0,12.175274166666666,1,1
Illinois,2019,1641195.0833333333,1826750,12,17,0.12022254913315089,0,0.641186928710138,0,0,12.204521111111111,1,1
Indiana,2010,833875.1666666666,871666,12,18,0.4540879435947655,0,0.816351774379062,1,0,9.004138166666667,0,2
Indiana,2011,886985.4166666666,906446,12,18,0.44729702789399917,0,0.7891881115759966,1,0,9.500437083333333,0,2
Indiana,2012,913930.75,925574,12,18,0.4235877053808362,0,0.6943508215233446,1,0,11.233179999999999,0,2
Indiana,2013,924406.0833333334,931675,12,18,0.41901715691264824,0,0.676068627650593,1,0,11.567208333333333,0,2
Indiana,2014,878080.3333333334,898362,12,18,0.41799041008773324,0,0.671961640350933,1,0,11.642245833333334,0,2
Indiana,2015,810537.75,847287,12,18,0.42050342838683946,0,0.6820137135473577,1,0,11.4585875,0,2
Indiana,2016,722883.75,757243,12,18,0.4167132736406481,0,0.6668530945625925,1,0,11.7355825,0,2
Indiana,2017,656263.9166666666,682077,12,18,0.41621127431845495,0,0.6648450972738198,1,0,11.772269999999999,0,1.9166666666666667
Indiana,2018,605836.4166666666,625188,12,18,0.16633280319468288,0,0.6653312127787315,0,0,11.763388333333333,1,1
Indiana,2019,525338.0833333334,603782,12,18,0.1236893376379322,0,0.6596764674023051,0,0,11.866704444444444,1,1
Iowa,2010,346624.6666666667,354552,12,19,0.47630805048325486,0,0.9052322019330193,1,0,7.38023125,0,1
Iowa,2011,385663,403116,12,19,0.22738207361458085,0,0.9095282944583234,0,0,7.301738666666667,1,1
Iowa,2012,412553.9166666667,419315,12,19,0.22711691648935173,0,0.9084676659574069,0,0,7.321117083333333,1,1
Iowa,2013,420033.9166666667,423428,12,19,0.22359494397730895,0,0.8943797759092358,0,0,7.5785125833333336,1,1
Iowa,2014,403102.3333333333,411462,12,19,0.2278180633041522,0,0.9112722532166088,0,0,7.269875333333333,1,1
Iowa,2015,387781.25,396501,12,19,0.22801691204872446,0,0.9120676481948978,0,0,7.255342916666667,1,1
Iowa,2016,378474.1666666667,382437,12,19,0.22564812975702656,0,0.9025925190281062,0,0,7.428460083333333,1,1
Iowa,2017,361143.6666666667,370106,12,19,0.21981086795544838,0,0.8792434718217935,0,0,7.855063333333334,1,1
Iowa,2018,339040.0833333333,353019,12,19,0.22487038029721773,0,0.8994815211888709,0,0,7.485300166666667,1,1
Iowa,2019,289276.75,327902,12,19,0.16629378236832337,0,0.886900172631058,0,0,7.715170111111111,1,1
Kansas,2010,279923.6666666667,295787,12,20,0.3981158891883606,0,0.5924635567534424,1,0,13.094730833333333,0,1
Kansas,2011,299913.0833333333,303667,12,20,0.39516471470629944,0,0.5806588588251976,1,0,13.310410833333334,0,1
Kansas,2012,308533.25,316506,12,20,0.3875848499151902,0,0.550339399660761,1,0,13.864368333333333,0,1
Kansas,2013,315942.4166666667,320638,12,20,0.3960723956158858,0,0.5842895824635433,1,0,13.244075,0,1
Kansas,2014,285642.5833333333,292420,12,20,0.3836247280617505,0,0.534498912247002,1,0,14.153785000000001,0,1
Kansas,2015,269381.75,276863,12,20,0.3854054259867844,0,0.5416217039471376,1,0,14.023646666666666,0,1
Kansas,2016,249491.33333333334,257823,12,20,0.37767571967170155,0,0.5107028786868062,1,0,14.588555,0,1
Kansas,2017,228925.58333333334,238385,12,20,0.35567204889302134,0,0.4226881955720853,1,0,16.196644166666665,0,1
Kansas,2018,213237.33333333334,219365,12,20,0.33891920550500587,0,0.3556768220200235,1,0,17.420988333333334,0,1
Kansas,2019,182471.25,203960,12,20,0.33032103409110064,0,0.3172677373747591,1,0,18.12274888888889,0,1
Kentucky,2010,791410.9166666666,813041,12,21,0.5768423310129688,1,0.8907026573852084,0.4166666666666667,0,7.645696083333333,0.5833333333333334,0
Kentucky,2011,831379.9166666666,844144,12,21,0.46660918640447047,1,0.8664367456178819,0,0,8.089051083333333,1,0
Kentucky,2012,855209,867676,12,21,0.41551189604641137,1,0.6620475841856456,0,0,11.8233825,1,0
Kentucky,2013,867552.25,879771,12,21,0.4143352734897324,1,0.6573410939589298,0,0,11.909373333333333,1,0
Kentucky,2014,816074.5,832518,12,21,0.41694406219899427,1,0.6677762487959771,0,0,11.718715833333334,1,0
Kentucky,2015,745638.8333333334,788177,12,21,0.22342123453780516,0.08333333333333333,0.8103516048178873,0,0,9.113765416666666,1,0.9166666666666666
Kentucky,2016,655618.4166666666,686488,12,21,0.1986562710195469,0,0.7946250840781875,0,0,9.401099833333333,1,1
Kentucky,2017,649732.5833333334,658252,12,21,0.1367244327691584,0,0.5468977310766336,0,0,13.92725,1,1
Kentucky,2018,597275,636423,12,21,0.12900405377822216,0,0.5160162151128886,0,0,14.491476666666667,1,1
Kentucky,2019,483917.3333333333,566900,12,21,0.12355859546352524,0,0.6589791758054679,0,0,11.879444444444445,1,1
Louisiana,2014,866834,873547,3,22,0.21709735779757733,0,0.45172276452364263,0.4166666666666667,0,15.6661625,0.5833333333333334,1
Louisiana,2015,862016.4166666666,879541,12,22,0.36376115365526385,0,0.45504461462105544,1,0,15.60547,0,1
Louisiana,2016,964187.75,1185797,12,22,0.3529851409933826,0,0.4119405639735303,1,0,16.393010833333335,0,1
Louisiana,2017,894855.5,926213,12,22,0.34367766876773653,0,0.3747106750709461,1,0,17.073226666666667,0,1
Louisiana,2018,854057.75,874486,12,22,0.3571587992762763,0,0.42863519710510517,1,0,16.087988333333332,0,1
Louisiana,2019,740197.0833333334,811065,12,22,0.3499461117838339,0,0.42193481840266983,1,0,16.21040888888889,0,1
Maine,2010,235110.41666666666,242824,12,23,0.413886284839859,1,0.655545139359436,0,0,11.942186666666666,1,0
Maine,2011,250325.25,253278,12,23,0.37159737846820473,0.8333333333333334,0.6530561805394856,0,0,11.987661666666666,1,0.16666666666666666
Maine,2012,252399.33333333334,254498,12,23,0.16462759046017525,0,0.658510361840701,0,0,11.88801,1,1
Maine,2013,246217.66666666666,252482,12,23,0.16343226764481608,0,0.6537290705792643,0,0,11.9753675,1,1
Maine,2014,224160.16666666666,235771,12,23,0.163741232406523,0,0.654964929626092,0,0,11.9527875,1,1
Maine,2015,197124.91666666666,202099,12,23,0.162697598335812,0,0.650790393343248,0,0,12.029059166666666,1,1
Maine,2016,186594.25,191586,12,23,0.41209222307142684,0,0.6483688922857073,0,1,12.073301666666667,1,1
Maine,2017,177862.83333333334,188058,12,23,0.41223647732298996,0,0.6489459092919597,0,1,12.062759166666666,1,1
Maine,2018,164188.75,172274,12,23,0.41370188204511726,0,0.654807528180469,0,1,11.955663333333334,1,1
Maine,2019,143774.41666666666,157160,12,23,0.22607870435339833,0,0.6501975343292355,0,0.4166666666666667,12.03989111111111,1,1
Maryland,2010,589411.75,653293,12,24,0.22634644758757178,0,0.9053857903502871,0,0,7.377425083333334,1,1
Maryland,2011,684598.3333333334,710675,12,24,0.22345545715144963,0,0.8938218286057985,0,0,7.588706666666667,1,1
Maryland,2012,726600.9166666666,754171,12,24,0.22160690465363875,0,0.886427618614555,0,0,7.7238039999999994,1,1
Maryland,2013,781947.9166666666,800022,12,24,0.2232250688242496,0,0.8929002752969984,0,0,7.605544083333333,1,1
Maryland,2014,785850.9166666666,789349,12,24,0.2196224024154823,0,0.8784896096619292,0,0,7.868836916666667,1,1
Maryland,2015,777791.5,781497,12,24,0.22451332052265272,0,0.8980532820906109,0,0,7.511395083333333,1,1
Maryland,2016,728046.25,755752,12,24,0.19833919331024794,0,0.7933567732409917,0,0,9.42427275,1,1
Maryland,2017,672530.3333333334,696120,12,24,0.20822048069297722,0,0.8328819227719089,0,0,8.702120916666667,1,1
Maryland,2018,639101,652437,12,24,0.21278299375123103,0,0.8511319750049241,0,0,8.368679833333333,1,1
Maryland,2019,564548.6666666666,627002,12,24,0.1595687269261613,0,0.8510332102728604,0,0,8.370484333333334,1,1
Massachusetts,2010,768841.9166666666,802456,12,25,0.12118742546806657,0,0.4847497018722663,0,0,15.0627375,1,1
Massachusetts,2011,824553.4166666666,845334,12,25,0.12520847139597488,0,0.5008338855838995,0,0,14.768868333333334,1,1
Massachusetts,2012,872310.25,886055,12,25,0.1046454388992674,0,0.4185817555970696,0,0,16.271671666666666,1,1
Massachusetts,2013,887319.0833333334,891584,12,25,0.09811349555524955,0,0.3924539822209982,0,0,16.749044166666668,1,1
Massachusetts,2014,844644.0833333334,874104,12,25,0.0893605658176494,0,0.3574422632705976,0,0,17.3887325,1,1
Massachusetts,2015,779978.3333333334,786705,12,25,0.09322189557279313,0,0.3728875822911725,0,0,17.106535833333332,1,1
Massachusetts,2016,774994.3333333334,787411,12,25,0.07873434906935473,0,0.3149373962774189,0,0,18.165325833333334,1,1
Massachusetts,2017,766840.8333333334,793460,12,25,0.07871693730410796,0,0.31486774921643185,0,0,18.166598333333333,1,1
Massachusetts,2018,769104.25,775079,12,25,0.08873906728145091,0,0.35495626912580364,0,0,17.434153333333335,1,1
Massachusetts,2019,702618.4166666666,764525,12,25,0.040338670077010044,0,0.21513957374405357,0,0,19.988701111111112,1,1
Michigan,2010,1836499.6666666667,1926594,12,26,0.13753042532087273,0,0.5501217012834909,0,0,13.868345833333333,1,1
Michigan,2011,1914424.4166666667,1948044,12,26,0.1253621213872651,0,0.5014484855490604,0,0,14.757639166666667,1,1
Michigan,2012,1812869.9166666667,1838439,12,26,0.11621584767196194,0,0.46486339068784777,0,0,15.426074166666666,1,1
Michigan,2013,1754181.5833333333,1784755,12,26,0.11259260413708834,0,0.45037041654835336,0,0,15.690870833333333,1,1
Michigan,2014,1652176,1686312,12,26,0.11507782290530286,0,0.4603112916212114,0,0,15.509244166666667,1,1
Michigan,2015,1546851.5833333333,1587586,12,26,0.11512933983744751,0,0.46051735934979005,0,0,15.505479166666667,1,1
Michigan,2016,1450349.6666666667,1492286,12,26,0.10843898021669533,0,0.43375592086678133,0,0,15.994429166666666,1,1
Michigan,2017,1351853.5833333333,1399290,12,26,0.11002503581510033,0,0.4401001432604013,0,0,15.878515833333333,1,1
Michigan,2018,1254205.75,1306298,12,26,0.09763535046547044,0,0.39054140186188174,0,0,16.783988333333333,1,1
Michigan,2019,1166205.8333333333,2301979,12,26,0.06745900529292122,0,0.3597813615622465,0,0,17.345995555555557,1,1
Minnesota,2010,446729.0833333333,485516,12,27,0.41856294587346043,1,0.6742517834938418,0,0,11.600403333333333,1,0
Minnesota,2011,521202.8333333333,536546,12,27,0.41492756997563823,1,0.6597102799025529,0,0,11.866086666666666,1,0
Minnesota,2012,541967.8333333334,547774,12,27,0.2629917492999171,0.4166666666666667,0.6353003305330016,0,0,12.312073333333334,1,0.5833333333333334
Minnesota,2013,554447.9166666666,560132,12,27,0.15891641743326781,0,0.6356656697330713,0,0,12.305398333333333,1,1
Minnesota,2014,522016.5,548682,12,27,0.15361881659070897,0,0.6144752663628359,0,0,12.692561666666666,1,1
Minnesota,2015,490641.0833333333,499523,12,27,0.150650275953788,0,0.602601103815152,0,0,12.909510833333334,1,1
Minnesota,2016,472951.8333333333,483198,12,27,0.14903515513625137,0,0.5961406205450055,0,0,13.027548333333334,1,1
Minnesota,2017,448431,456771,12,27,0.14569357854645024,0,0.582774314185801,0,0,13.27176,1,1
Minnesota,2018,423439.0833333333,436161,12,27,0.14595173333701136,0,0.5838069333480455,0,0,13.252893333333333,1,1
Minnesota,2019,376016.0833333333,418348,12,27,0.1077453260482234,0,0.5746417389238582,0,0,13.420347777777778,1,1
Mississippi,2010,586582.1666666666,616748,12,28,0.530719414367739,1,0.7062109908042893,0.4166666666666667,0,11.0164865,0.5833333333333334,0
Mississippi,2011,631507.9166666666,651696,12,28,0.38550250769556693,1,0.5420100307822678,0,0,14.016551666666667,1,0
Mississippi,2012,665753.8333333334,728675,12,28,0.35885552847879726,1,0.4354221139151891,0,0,15.963986666666667,1,0
Mississippi,2013,667898.3333333334,671774,12,28,0.3680216427124563,1,0.4720865708498252,0,0,15.294101666666666,1,0
Mississippi,2014,652400.0833333334,660320,12,28,0.36581934517495746,1,0.4632773806998298,0,0,15.455051666666666,1,0
Mississippi,2015,629911,643651,12,28,0.36773953106611035,1,0.47095812426444134,0,0,15.314719166666666,1,0
Mississippi,2016,564461.75,611476,12,28,0.3557239307082622,1,0.42289572283304877,0,0,16.1928525,1,0
Mississippi,2017,530531.9166666666,543482,12,28,0.3514449466391312,1,0.4057797865565246,0,0,16.5055725,1,0
Mississippi,2018,492269.0833333333,513848,12,28,0.609460504652296,1,0.4378420186091839,0,1,15.919773333333334,1,0
Mississippi,2019,411983.0833333333,463284,12,28,0.5801892474388308,0.16666666666666666,0.6498982085626532,0.5,1,12.04536,0.5,0.8333333333333334
Missouri,2010,914769.1666666666,938015,12,29,0.6639271631492301,1,0.6557086525969205,1,0,11.939199166666667,0,0
Missouri,2011,948981.4166666666,961801,12,29,0.6172418305228943,1,0.4689673220915771,1,0,15.3510925,0,0
Missouri,2012,943991.8333333334,955681,12,29,0.46126028869988434,0.4166666666666667,0.42837448813287066,1,0,16.092751666666665,0,0.5833333333333334
Missouri,2013,916828.6666666666,941247,12,29,0.36090319540168486,0,0.4436127816067394,1,0,15.8143375,0,1
Missouri,2014,846930.8333333334,871755,12,29,0.3534478925775408,0,0.4137915703101631,1,0,16.359191666666668,0,1
Missouri,2015,845731,854887,12,29,0.35545489784039563,0,0.4218195913615825,1,0,16.21251416666667,0,1
Missouri,2016,790681.8333333334,838186,12,29,0.34270666923836274,0,0.370826676953451,1,0,17.14419,0,1
Missouri,2017,756005.25,765302,12,29,0.33349781807206136,0,0.33399127228824543,1,0,17.817198333333334,0,1
Missouri,2018,724712.25,749877,12,29,0.3407473382325457,0,0.3629893529301828,1,0,17.287383333333334,0,1
Missouri,2019,630400,713331,12,29,0.33154094090506625,0,0.32377390704924225,1,0,18.003876666666667,0,1
Montana,2010,117034.58333333333,122155,12,30,0.38466478171708,1,0.5386591268683201,0,0,14.077774999999999,1,0
Montana,2011,125439,127185,12,30,0.17651815450303324,0.16666666666666666,0.5394059513454663,0,0,14.06413,1,0.8333333333333334
Montana,2012,126568.33333333333,131681,12,30,0.12260525855652686,0,0.49042103422610744,0,0,14.959118333333333,1,1
Montana,2013,127939,130952,12,30,0.12566367446108045,0,0.5026546978443218,0,0,14.735600833333333,1,1
Montana,2014,123953.41666666667,125606,12,30,0.12283681108885569,0,0.49134724435542276,0,0,14.942195833333333,1,1
Montana,2015,117024.25,121789,12,30,0.12092854091131307,0,0.48371416364525227,0,0,15.0816575,1,1
Montana,2016,118409.25,121061,12,30,0.12009661885457505,0,0.4803864754183002,0,0,15.142456666666666,1,1
Montana,2017,120018.66666666667,122324,12,30,0.12248441383610431,0,0.48993765534441724,0,0,14.96795,1,1
Montana,2018,113084.5,117496,12,30,0.11916316807631955,0,0.4766526723052782,0,0,15.210675833333333,1,1
Montana,2019,98582.5,107957,12,30,0.08340119246714904,0,0.4448063598247949,0,0,15.79253,1,1
Nebraska,2010,166919.16666666666,173040,12,31,0.38268895115375673,0,0.5307558046150269,1,0,14.222174166666667,0,1
Nebraska,2011,175011.5,176299,12,31,0.3071091578432461,0,0.47843663137298437,0.75,0,15.178081666666667,0.25,1
Nebraska,2012,176378.5,178643,12,31,0.1195843800004948,0,0.4783375200019792,0,0,15.1798925,1,1
Nebraska,2013,180296.5,182487,12,31,0.11607135396586694,0,0.4642854158634678,0,0,15.436634166666668,1,1
Nebraska,2014,172354.5,178333,12,31,0.13984329383911678,0,0.5593731753564671,0,0,13.699315,1,1
Nebraska,2015,174678.16666666666,176663,12,31,0.14694641605984785,0,0.5877856642393914,0,0,13.180199166666666,1,1
Nebraska,2016,176419.91666666666,178490,12,31,0.15754946273153383,0,0.6301978509261353,0,0,12.405299166666667,1,1
Nebraska,2017,174549.5,178526,12,31,0.19520348604384188,0,0.7808139441753675,0,0,9.653438916666666,1,1
Nebraska,2018,167335.83333333334,172567,12,31,0.21262702675227993,0,0.8505081070091197,0,0,8.380078333333334,1,1
Nebraska,2019,147048.25,163384,12,31,0.15998427404026808,0,0.8532494615480964,0,0,8.32999188888889,1,1
Nevada,2010,295042.0833333333,324658,12,32,0.4787605221338451,1,0.9150420885353805,0,0,7.200997833333333,1,0
Nevada,2011,340797.3333333333,353889,12,32,0.4381292203747218,0.8333333333333334,0.9191835481655539,0,0,7.1253305000000005,1,0.16666666666666666
Nevada,2012,356642.75,360777,12,32,0.22862410146625353,0,0.9144964058650141,0,0,7.210967833333333,1,1
Nevada,2013,363623.5833333333,372377,12,32,0.2291350997178067,0,0.9165403988712268,0,0,7.173622666666667,1,1
Nevada,2014,393094.5,410201,12,32,0.22794560248913032,0,0.9117824099565213,0,0,7.2605544166666665,1,1
Nevada,2015,428315.9166666667,441006,12,32,0.22804539345490218,0,0.9121815738196087,0,0,7.253261416666667,1,1
Nevada,2016,440319.3333333333,443138,12,32,0.22956507453758915,0,0.9182602981503566,0,0,7.142198916666667,1,1
Nevada,2017,440615.5833333333,443318,12,32,0.23043045409372928,0,0.9217218163749171,0,0,7.078954583333333,1,1
Nevada,2018,437071.5,441924,12,32,0.2304055348587782,0,0.9216221394351128,0,0,7.08077575,1,1
Nevada,2019,388116.8333333333,425264,12,32,0.1708252678205438,0,0.9110680950429003,0,0,7.273605444444445,1,1
New Hampshire,2010,108026.16666666667,112319,12,33,0.4768771221600875,1,0.90750848864035,0,0,7.338641916666667,1,0
New Hampshire,2011,114272.66666666667,115730,12,33,0.4371736964496656,0.8333333333333334,0.9153614524653291,0,0,7.195162833333333,1,0.16666666666666666
New Hampshire,2012,117898.58333333333,119115,12,33,0.22707752963963634,0,0.9083101185585454,0,0,7.323995583333334,1,1
New Hampshire,2013,116012.75,120160,12,33,0.22906835347743443,0,0.9162734139097377,0,0,7.178500666666666,1,1
New Hampshire,2014,110195.08333333333,113349,12,33,0.22885950465550695,0,0.9154380186220278,0,0,7.193763916666667,1,1
New Hampshire,2015,104593.83333333333,107922,12,33,0.22404425189989155,0,0.8961770075995662,0,0,7.545675916666666,1,1
New Hampshire,2016,96850.91666666667,99972,12,33,0.22391728626553026,0,0.895669145062121,0,0,7.5549549166666665,1,1
New Hampshire,2017,91044.41666666667,93812,12,33,0.2234635700990417,0,0.8938542803961668,0,0,7.58811375,1,1
New Hampshire,2018,84031.25,88206,12,33,0.22774401826159624,0,0.910976073046385,0,0,7.27528675,1,1
New Hampshire,2019,68777.33333333333,78653,12,33,0.17242470322598255,0,0.9195984172052403,0,0,7.117750555555555,1,1
New Jersey,2010,654932.6666666666,724224,12,34,0.2224621381791852,0,0.6398485527167408,0.25,0,12.228974166666667,0.75,1
New Jersey,2011,790376.0833333334,916798,12,34,0.15160450226333338,0,0.6064180090533335,0,0,12.839773333333333,1,1
New Jersey,2012,837648,906148,12,34,0.1420999703605461,0,0.5683998814421845,0,0,13.534390833333333,1,1
New Jersey,2013,875280.5833333334,892606,12,34,0.1383149923932821,0,0.5532599695731284,0,0,13.8110075,1,1
New Jersey,2014,893019.3333333334,919480,12,34,0.14027621623016068,0,0.5611048649206427,0,0,13.667675833333334,1,1
New Jersey,2015,900883.3333333334,910897,12,34,0.13694896130188539,0,0.5477958452075415,0,0,13.910840833333333,1,1
New Jersey,2016,868032.75,888259,12,34,0.13936915106079908,0,0.5574766042431963,0,0,13.733966666666667,1,1
New Jersey,2017,801126.6666666666,831751,12,34,0.12566060716255303,0,0.5026424286502121,0,0,14.735825,1,1
New Jersey,2018,746441.3333333334,770664,12,34,0.11340657850653205,0,0.4536263140261282,0,0,15.631383333333332,1,1
New Jersey,2019,637262.8333333334,728496,12,34,0.09326717528451213,0,0.49742493485073136,0,0,14.831152222222222,1,1
New Mexico,2014,446311.6666666667,447952,3,35,0.37286998124281956,1,0.4914799249712783,0,0,14.939771666666667,1,0
New Mexico,2015,456775.9166666667,461778,12,35,0.1415606868274794,0.08333333333333333,0.4829094139765843,0,0,15.096360833333334,1,0.9166666666666666
New Mexico,2016,472975.1666666667,486098,12,35,0.1306658340216853,0,0.5226633360867412,0,0,14.370029166666667,1,1
New Mexico,2017,458553.1666666667,463720,12,35,0.12109866765491606,0,0.48439467061966424,0,0,15.069224166666666,1,1
New Mexico,2018,454480.8333333333,459143,12,35,0.1300838112754569,0,0.5203352451018276,0,0,14.412565,1,1
New Mexico,2019,413951.5,450546,12,35,0.095483691860166,0,0.509246356587552,0,0,14.615166666666667,1,1
New York,2010,2835074.75,2969868,12,36,0.0942855183956178,0,0.3771420735824712,0,0,17.028803333333332,1,2
New York,2011,3029360.9166666665,3068575,12,36,0.10090442934509543,0,0.4036177173803817,0,0,16.545075,1,1.8333333333333333
New York,2012,3099642.5833333335,3186236,12,36,0.09358595768202616,0,0.3743438307281046,0,0,17.079929166666666,1,1
New York,2013,3180750.5833333335,3243156,12,36,0.08282837161650292,0,0.33131348646601166,0,0,17.866123333333334,1,1
New York,2014,3092073.3333333335,3148532,12,36,0.05960170392013615,0,0.2384068156805446,0,0,19.563592500000002,1,1
New York,2015,3019718.9166666665,3055942,12,36,0.06978843038165533,0,0.2791537215266213,0,0,18.819118333333332,1,1
New York,2016,2956395.25,2975036,12,36,0.06751559638062242,0,0.2700623855224897,0,0,18.985223333333334,1,1
New York,2017,2883745.75,2944348,12,36,0.07686455125326763,0,0.30745820501307053,0,0,18.301975833333334,1,1
New York,2018,2766204.0833333335,2831503,12,36,0.08676518656217291,0,0.34706074624869165,0,0,17.57841,1,1
New York,2019,2627003.8333333335,2705107,12,36,0.0620718028450519,0,0.3310496151736101,0,0,17.870944444444444,1,1
North Carolina,2010,1407194.75,1547621,12,37,0.6070002678333147,1,0.9280010713332588,0.5,0,6.96422825,0.5,0
North Carolina,2011,1622902.6666666667,1797003,12,37,0.4815901871240929,1,0.9263607484963715,0,0,6.994198083333333,1,0
North Carolina,2012,1689027.6666666667,1756474,12,37,0.47923471850436755,1,0.9169388740174702,0,0,7.16634225,1,0
North Carolina,2013,1664618.9166666667,1734913,12,37,0.4778940194219245,1,0.9115760776876979,0,0,7.26432425,1,0
North Carolina,2014,1598508.4166666667,1691116,12,37,0.4793276337042954,1,0.9173105348171815,0,0,7.15955175,1,0
North Carolina,2015,1636405.0833333333,1647808,12,37,0.2470018798868337,0.08333333333333333,0.9046741862140015,0,0,7.390426583333333,1,0.9166666666666666
North Carolina,2016,1544873.75,1624426,12,37,0.22742565091860414,0,0.9097026036744166,0,0,7.298553916666667,1,1
North Carolina,2017,1416337.6666666667,1470862,12,37,0.22136766335031718,0,0.8854706534012687,0,0,7.7412884166666664,1,1
North Carolina,2018,1363984,1691351,12,37,0.22296440546240212,0,0.8918576218496085,0,0,7.624594083333333,1,1
North Carolina,2019,1170329.1666666667,1322868,12,37,0.15932638411652206,0,0.8497407152881177,0,0,8.39409911111111,1,1
North Dakota,2010,60522.916666666664,61229,12,38,0.474055555294056,1,0.8962222211762241,0,0,7.544849833333333,1,0
North Dakota,2011,60573,62956,12,38,0.26463692622224344,0.16666666666666666,0.891881038222307,0,0,7.62416625,1,0.8333333333333334
North Dakota,2012,58360.416666666664,59501,12,38,0.2184750389220799,0,0.8739001556883196,0,0,7.952689416666667,1,1
North Dakota,2013,55544.666666666664,57658,12,38,0.21935240032689146,0,0.8774096013075658,0,0,7.888569416666667,1,1
North Dakota,2014,53488.75,54174,12,38,0.21997287833068027,0,0.8798915133227211,0,0,7.843223166666667,1,1
North Dakota,2015,53341.416666666664,53886,12,38,0.21605652534488934,0,0.8642261013795574,0,0,8.129441083333333,1,1
North Dakota,2016,54370.5,54736,12,38,0.21612267180867226,0,0.864490687234689,0,0,8.124606916666666,1,1
North Dakota,2017,53593.916666666664,53987,12,38,0.22325577145627543,0,0.8930230858251017,0,0,7.60330025,1,1
North Dakota,2018,51793.416666666664,53547,12,38,0.21675290359372631,0,0.8670116143749053,0,0,8.078547833333333,1,1
North Dakota,2019,44730.333333333336,49813,12,38,0.1600897583226003,0,0.8538120443872016,0,0,8.319713111111112,1,1
Ohio,2010,1660831.75,1795578,12,39,0.4164401620639218,0.8333333333333334,0.832427314922354,0,0,8.710426916666666,1,0.16666666666666666
Ohio,2011,1787382.8333333333,1830051,12,39,0.1678063037605071,0,0.6712252150420284,0,0,11.655700833333334,1,1
Ohio,2012,1814345.0833333333,1842315,12,39,0.16880497739220826,0,0.675219909568833,0,0,11.582715,1,1
Ohio,2013,1819147.6666666667,1853963,12,39,0.16786246154953155,0,0.6714498461981262,0,0,11.651596666666666,1,1
Ohio,2014,1728789.5,1775855,12,39,0.16837877113065378,0,0.6735150845226151,0,0,11.613863333333333,1,1
Ohio,2015,1659529.3333333333,1695975,12,39,0.166633478268548,0,0.666533913074192,0,0,11.741414166666667,1,1
Ohio,2016,1586686.6666666667,1629165,12,39,0.16630612111827328,0,0.6652244844730931,0,0,11.765338333333334,1,1
Ohio,2017,1477068.25,1532807,12,39,0.1493849639995391,0,0.5975398559981564,0,0,13.001983333333333,1,1
Ohio,2018,1406290.1666666667,1438832,12,39,0.13201055365974462,0,0.5280422146389785,0,0,14.271753333333333,1,1
Ohio,2019,1270171.5,1401304,12,39,0.08247283864964357,0,0.4398551394647657,0,0,15.882992222222223,1,1
Oklahoma,2014,598777,601161,3,40,0.3687575891122971,1,0.47503035644918834,0,0,15.240316666666667,1,0
Oklahoma,2015,601704.6666666666,613397,12,40,0.13252093617107297,0.08333333333333333,0.44675041135095855,0,0,15.757010833333334,1,0.9166666666666666
Oklahoma,2016,613714.5833333334,621462,12,40,0.11479045466185227,0,0.45916181864740907,0,0,15.530245833333334,1,1
Oklahoma,2017,598912.25,608766,12,40,0.11884015531540898,0,0.4753606212616359,0,0,15.2342825,1,1
Oklahoma,2018,580829,589087,12,40,0.11699136108254686,0,0.46796544433018744,0,0,15.3693975,1,1
Oklahoma,2019,531310.75,583042,12,40,0.08722885035407163,0,0.4652205352217153,0,0,15.419548888888889,1,1
Oregon,2010,724624.1666666666,756352,12,41,0.4141914411342493,1,0.6567657645369973,0,0,11.919885,1,0
Oregon,2011,785874.0833333334,805396,12,41,0.4131335994279801,1,0.6525343977119203,0,0,11.997195,1,0
Oregon,2012,818874.5,823852,12,41,0.26830778814143075,0.4166666666666667,0.6565644858990564,0,0,11.9235625,1,0.5833333333333334
Oregon,2013,814716,820927,12,41,0.16373887206899443,0,0.6549554882759777,0,0,11.952960000000001,1,1
Oregon,2014,797668.6666666666,806740,12,41,0.1637449040426785,0,0.654979616170714,0,0,11.952519166666667,1,1
Oregon,2015,771728.4166666666,790867,12,41,0.1609436052923812,0,0.6437744211695248,0,0,12.157245833333333,1,1
Oregon,2016,721309.4166666666,748370,12,41,0.160006585501341,0,0.640026342005364,0,0,12.225725833333334,1,1
Oregon,2017,667693.0833333334,693973,12,41,0.16209445798039104,0,0.6483778319215642,0,0,12.073138333333333,1,1
Oregon,2018,624048.75,647921,12,41,0.16288763401335138,0,0.6515505360534055,0,0,12.015170833333334,1,1
Oregon,2019,548052.8333333334,607135,12,41,0.11767105847258916,0,0.6275789785204755,0,0,12.453147777777778,1,1
Pennsylvania,2010,1616544.0833333333,1684790,12,42,0.09778903466455094,0,0.39115613865820376,0,0,16.772756666666666,1,1
Pennsylvania,2011,1748067.5833333333,1801249,12,42,0.10664815678574191,0,0.42659262714296764,0,0,16.125307499999998,1,1
Pennsylvania,2012,1795158.9166666667,1816406,12,42,0.09949793043781084,0,0.39799172175124337,0,0,16.647865833333334,1,1
Pennsylvania,2013,1790439.0833333333,1812492,12,42,0.10395500026308072,0,0.41582000105232286,0,0,16.322130833333333,1,1
Pennsylvania,2014,1799368.1666666667,1815612,12,42,0.11495538182133443,0,0.4598215272853377,0,0,15.5181925,1,1
Pennsylvania,2015,1841226.9166666667,1873447,12,42,0.11424701830304695,0,0.4569880732121878,0,0,15.569961666666666,1,1
Pennsylvania,2016,1858848.6666666667,1870344,12,42,0.11873518300967109,0,0.47494073203868437,0,0,15.241954166666666,1,1
Pennsylvania,2017,1838820.75,1849422,12,42,0.07634457003598989,0,0.30537828014395957,0,0,18.3399775,1,1
Pennsylvania,2018,1805139,1832440,12,42,0.05768875867792347,0,0.23075503471169387,0,0,19.70339583333333,1,1
Pennsylvania,2019,1616810.75,1768620,12,42,0.02505864309901345,0,0.13364609652807172,0,0,21.477643333333333,1,1
Rhode Island,2010,145892.25,155184,12,44,0.13659194599744773,0,0.5463677839897909,0,0,13.9369325,1,1
Rhode Island,2011,164120.16666666666,170547,12,44,0.12223850543445938,0,0.48895402173783753,0,0,14.985921666666666,1,1
Rhode Island,2012,175023.91666666666,179127,12,44,0.11392162239941434,0,0.45568648959765734,0,0,15.5937425,1,1
Rhode Island,2013,180356.91666666666,180940,12,44,0.1114028001785592,0,0.4456112007142368,0,0,15.777825,1,1
Rhode Island,2014,177608.16666666666,179824,12,44,0.11669553211230316,0,0.46678212844921263,0,0,15.3910175,1,1
Rhode Island,2015,174192.91666666666,177356,12,44,0.11324671410000965,0,0.4529868564000386,0,0,15.643066666666666,1,1
Rhode Island,2016,170790.33333333334,173439,12,44,0.09800222901610224,0,0.39200891606440896,0,0,16.757175833333335,1,1
Rhode Island,2017,161777.75,169606,12,44,0.10418889032774457,0,0.4167555613109783,0,0,16.3050375,1,1
Rhode Island,2018,158111.75,159550,12,44,0.11365394644056176,0,0.45461578576224704,0,0,15.613305,1,1
Rhode Island,2019,138678.16666666666,155099,12,44,0.06883566360449477,0,0.36712353922397206,0,0,17.211848888888888,1,1
South Carolina,2010,814084.4166666666,841158,12,45,0.15605906351731688,0,0.6242362540692675,0,0,12.514221666666668,1,1
South Carolina,2011,852038.0833333334,870438,12,45,0.22046223901462883,0,0.8818489560585153,0,0,7.807459333333334,1,1
South Carolina,2012,872017.9166666666,879358,12,45,0.23000606198531873,0,0.9200242479412749,0,0,7.109970333333333,1,1
South Carolina,2013,872646.25,878022,12,45,0.23090589676807716,0,0.9236235870723086,0,0,7.044207916666666,1,1
South Carolina,2014,822530.1666666666,843141,12,45,0.2224854838557839,0,0.8899419354231356,0,0,7.659595,1,1
South Carolina,2015,833026.5,1094116,12,45,0.2186146431946858,0,0.8744585727787432,0,0,7.94248675,1,1
South Carolina,2016,758392.1666666666,782081,12,45,0.20241590101422177,0,0.8096636040568871,0,0,9.126335666666666,1,1
South Carolina,2017,706408.5833333334,733210,12,45,0.22126574922102935,0,0.8850629968841174,0,0,7.748736583333334,1,1
South Carolina,2018,640766.1666666666,674007,12,45,0.22014714079612677,0,0.8805885631845071,0,0,7.830487583333333,1,1
South Carolina,2019,548725.25,611652,12,45,0.1624401448049514,0,0.8663474389597408,0,0,8.090682777777777,1,1
South Dakota,2010,97761.25,100789,12,46,0.6490505486418723,1,0.5962021945674891,1,0,13.026423333333334,0,0
South Dakota,2011,102707.5,104007,12,46,0.6421226273203007,1,0.5684905092812029,1,0,13.532735,0,0
South Dakota,2012,103890.75,104704,12,46,0.6455354245294413,1,0.5821416981177652,1,0,13.283318333333334,0,0
South Dakota,2013,103508.33333333333,104806,12,46,0.6398262925673532,1,0.559305170269413,1,0,13.7005575,0,0
South Dakota,2014,100205.66666666667,102253,12,46,0.6373916785235428,1,0.5495667140941716,1,0,13.878485833333333,0,0
South Dakota,2015,98020.75,99759,12,46,0.4105358963232847,0.08333333333333333,0.5588102519598054,1,0,13.7096,0,0.9166666666666666
South Dakota,2016,95596.16666666667,96917,12,46,0.392452436028878,0,0.5698097441155121,1,0,13.508631666666666,0,1
South Dakota,2017,91980.16666666667,95050,12,46,0.3911771239972739,0,0.5647084959890956,1,0,13.601835,0,1
South Dakota,2018,85460.25,89804,12,46,0.39319309170117916,0,0.5727723668047165,1,0,13.4545025,0,1
South Dakota,2019,74096.16666666667,82164,12,46,0.3725440973080458,0,0.5424574078651331,1,0,14.008377777777778,0,1
Tennessee,2010,1243342.75,1276410,12,47,0.4741278317938551,0,0.8965113271754204,1,0,7.539567666666667,0,1
Tennessee,2011,1280301.8333333333,1289963,12,47,0.4699095893576445,0,0.8796383574305779,1,0,7.8478485000000004,0,1
Tennessee,2012,1328736.3333333333,1345085,12,47,0.4192221299919383,0,0.6768885199677531,1,0,11.552228333333334,0,1
Tennessee,2013,1341294.5833333333,1356160,12,47,0.4143974746550377,0,0.6575898986201508,1,0,11.9048275,0,1
Tennessee,2014,1298366.4166666667,1329164,12,47,0.41459968830591276,0,0.6583987532236509,1,0,11.890049166666667,0,1
Tennessee,2015,1199862.25,1260071,12,47,0.4150055865426444,0,0.6600223461705775,1,0,11.860385,0,1
Tennessee,2016,1091943,1129940,12,47,0.4142120114187976,0,0.6568480456751903,1,0,11.918381666666667,0,1
Tennessee,2017,1032891.1666666666,1056897,12,47,0.41442502332880077,0,0.6577000933152031,1,0,11.902814166666666,0,1
Tennessee,2018,948581.5,999147,12,47,0.4148949585489154,0,0.6595798341956616,1,0,11.86847,0,1
Tennessee,2019,819349,933981,12,47,0.3951044314577685,0,0.6627791899969878,1,0,11.810015555555555,0,1
Texas,2014,3784099.6666666665,3817979,3,48,0.16029281348511595,0,0.6411712539404638,0,0,12.2048075,1,1
Texas,2015,3718903.8333333335,3777317,12,48,0.1426059491890072,0,0.5704237967560288,0,0,13.4974125,1,1
Texas,2016,3796820,3891234,12,48,0.15990346041627762,0,0.6396138416651105,0,0,12.2332625,1,1
Texas,2017,4098525.1666666665,5985046,12,48,0.1681739348825248,0,0.6726957395300992,0,0,11.628833333333333,1,1
Texas,2018,3636964.5,3823986,12,48,0.14784762029447673,0,0.5913904811779069,0,0,13.114336666666667,1,1
Texas,2019,3122601.9166666665,3544410,12,48,0.11006829726719346,0,0.5870309187583651,0,0,13.193988888888889,1,1
Utah,2010,262206.3333333333,288540,12,49,0.48136415572911345,0,0.9254566229164537,1,0,7.010717083333334,0,1
Utah,2011,286144,300729,12,49,0.47919668058184844,0,0.9167867223273938,1,0,7.169122166666667,0,1
Utah,2012,270219.25,287651,12,49,0.4767041128400245,0,0.9068164513600981,1,0,7.351285916666667,0,1
Utah,2013,245389.75,261426,12,49,0.47838737329525705,0,0.9135494931810283,1,0,7.2282685833333336,0,1
Utah,2014,228101.08333333334,231684,12,49,0.4751747338487964,0,0.9006989353951856,1,0,7.463057166666667,0,1
Utah,2015,224451.41666666666,228396,12,49,0.47003343638179296,0,0.8801337455271718,1,0,7.838797416666667,0,1
Utah,2016,217468.25,223053,12,49,0.46865581911183224,0,0.874623276447329,1,0,7.9394775,0,1
Utah,2017,202152.91666666666,210310,12,49,0.47519310457243036,0,0.9007724182897214,1,0,7.461714583333333,0,1
Utah,2018,184417.08333333334,193618,12,49,0.47307154654204303,0,0.8922861861681721,1,0,7.616763916666667,0,1
Utah,2019,157769.75,175327,12,49,0.43719705466912073,0,0.8872731804575328,1,0,7.708355,0,1
Vermont,2010,87040.41666666667,90556,12,50,0.37748669426423476,0.8333333333333334,0.6766134437236058,0,0,11.557254166666667,1,0.16666666666666666
Vermont,2011,93465.5,95652,12,50,0.1592216079354484,0,0.6368864317417936,0,0,12.283094166666666,1,1
Vermont,2012,97794.33333333333,100624,12,50,0.15870146708181607,0,0.6348058683272643,0,0,12.3211075,1,1
Vermont,2013,100386,101793,12,50,0.15044469853686987,0,0.6017787941474795,0,0,12.924535,1,1
Vermont,2014,89980.66666666667,98190,12,50,0.13144110797773834,0,0.5257644319109533,0,0,14.31337,1,1
Vermont,2015,83683.5,87270,12,50,0.11986156572504206,0,0.47944626290016823,0,0,15.159635,1,1
Vermont,2016,78777.25,81549,12,50,0.1110375636018603,0,0.4441502544074412,0,0,15.8045175,1,1
Vermont,2017,75707.25,78878,12,50,0.10608565528516016,0,0.42434262114064064,0,0,16.166416666666667,1,1
Vermont,2018,72157.83333333333,75190,12,50,0.09968091931055487,0,0.39872367724221947,0,0,16.6344925,1,1
Vermont,2019,67301.66666666667,119143,12,50,0.0701536213479672,0,0.37415264718915836,0,0,17.08342222222222,1,1
Virginia,2010,806895.25,839472,12,51,0.39543664383374205,0,0.5817465753349682,1,0,13.2905375,0,1
Virginia,2011,875559.9166666666,908527,12,51,0.402245921136065,0,0.60898368454426,1,0,12.792896666666667,0,1
Virginia,2012,922150.4166666666,937224,12,51,0.39975367836824865,0,0.5990147134729946,1,0,12.975036666666666,0,1
Virginia,2013,942078.0833333334,947445,12,51,0.39422373821418477,0,0.5768949528567392,1,0,13.37918,0,1
Virginia,2014,903865.75,930264,12,51,0.4046222565078542,0,0.6184890260314169,1,0,12.619227500000001,0,1
Virginia,2015,850956,867297,12,51,0.39801989072626986,0,0.5920795629050796,1,0,13.101746666666667,0,1
Virginia,2016,816323.8333333334,831983,12,51,0.39149433283643553,0,0.5659773313457421,1,0,13.5786525,0,1
Virginia,2017,762609.1666666666,797149,12,51,0.3774667100731598,0,0.5098668402926392,1,0,14.60383,0,1
Virginia,2018,727155.5,743984,12,51,0.3704265529917167,0,0.48170621196686664,1,0,15.118344166666667,0,1
Virginia,2019,649625.6666666666,709491,12,51,0.36867954061802,0,0.5218464388516624,1,0,14.384954444444444,0,1
Washington,2010,984206,1034304,12,53,0.1338787437096891,0,0.5355149748387564,0,0,14.135220833333333,1,1
Washington,2011,1073487.5833333333,1102830,12,53,0.1306259705434255,0,0.522503882173702,0,0,14.3729425,1,1
Washington,2012,1111529.3333333333,1118464,12,53,0.12125126860730473,0,0.4850050744292189,0,0,15.058071666666667,1,1
Washington,2013,1109341.5833333333,1117999,12,53,0.12274238618511732,0,0.4909695447404693,0,0,14.949096666666666,1,1
Washington,2014,1092073.9166666667,1112524,12,53,0.11034232447243926,0,0.44136929788975704,0,0,15.8553275,1,1
Washington,2015,1060266.6666666667,1145530,12,53,0.10821103090494147,0,0.4328441236197659,0,0,16.011088333333333,1,1
Washington,2016,988778.9166666666,1036827,12,53,0.09854428566070005,0,0.3941771426428002,0,0,16.717560833333334,1,1
Washington,2017,915760.9166666666,943769,12,53,0.09824413510628571,0,0.39297654042514285,0,0,16.739496666666668,1,1
Washington,2018,864784.1666666666,893650,12,53,0.09565971374629198,0,0.3826388549851679,0,0,16.928373333333333,1,1
Washington,2019,821562,1640632,12,53,0.07500706824167727,0,0.40003769728894545,0,0,16.610484444444445,1,1
West Virginia,2010,342456.5833333333,348880,12,54,0.14194579584980507,0,0.5677831833992203,0,0,13.545658333333334,1,1
West Virginia,2011,345961.8333333333,349232,12,54,0.13478154430786385,0,0.5391261772314554,0,0,14.069241666666667,1,1
West Virginia,2012,347677.25,362023,12,54,0.13759300277187095,0,0.5503720110874838,0,0,13.8637725,1,1
West Virginia,2013,352172.5833333333,356349,12,54,0.13575509801891103,0,0.5430203920756441,0,0,13.998091666666667,1,1
West Virginia,2014,365440.9166666667,369840,12,54,0.13393332794036117,0,0.5357333117614447,0,0,14.131231666666666,1,1
West Virginia,2015,366096.1666666667,374145,12,54,0.10692224100397148,0,0.4276889640158859,0,0,16.10527666666667,1,1
West Virginia,2016,354173,363527,12,54,0.11225693449377835,0,0.4490277379751134,0,0,15.7154025,1,1
West Virginia,2017,335417.75,343840,12,54,0.10303233634135663,0,0.4121293453654265,0,0,16.389561666666665,1,1
West Virginia,2018,316400.9166666667,326123,12,54,0.10260276631375904,0,0.4104110652550362,0,0,16.420955833333334,1,1
West Virginia,2019,281910.5,314042,12,54,0.07195775160933515,0,0.3837746752497875,0,0,16.907621111111112,1,1
Wisconsin,2010,742209.1666666666,777514,12,55,0.16974367336497162,0,0.6789746934598865,0,0,11.5141125,1,1
Wisconsin,2011,815362.5,829732,12,55,0.16877975484818347,0,0.6751190193927339,0,0,11.584558333333334,1,1
Wisconsin,2012,840195.75,849574,12,55,0.16894415748821484,0,0.6757766299528594,0,0,11.572543333333334,1,1
Wisconsin,2013,856188.1666666666,861950,12,55,0.17253790250528006,0,0.6901516100211202,0,0,11.3099025,1,1
Wisconsin,2014,836129.6666666666,844841,12,55,0.1715043141223113,0,0.6860172564892452,0,0,11.38544,1,1
Wisconsin,2015,786543.5,820056,12,55,0.1732699492170302,0,0.6930797968681208,0,0,11.2564025,1,1
Wisconsin,2016,717157.4166666666,734860,12,55,0.16948490283418569,0,0.6779396113367427,0,0,11.533024166666667,1,1
Wisconsin,2017,681994.5833333334,702811,12,55,0.1706376141454668,0,0.6825504565818672,0,0,11.448780833333334,1,1
Wisconsin,2018,643726.0833333334,664215,12,55,0.17074525465884563,0,0.6829810186353825,0,0,11.440914166666667,1,1
Wisconsin,2019,565598.3333333334,629141,12,55,0.13084464954401656,0,0.6978381309014215,0,0,11.169464444444445,1,1
Wyoming,2010,35709.25,36526,12,56,0.9805531984867715,1,0.9222127939470858,1,1,7.069984083333333,0,0
Wyoming,2011,35494.666666666664,37732,12,56,0.9716571205494935,1,0.8866284821979741,1,1,7.720134083333333,0,0
Wyoming,2012,35462.083333333336,38914,12,56,0.8284086350332727,1,0.8969678734664238,1,0.4166666666666667,7.53122625,0,0
Wyoming,2013,37917.666666666664,38502,12,56,0.6938782135345504,1,0.7755128541382013,1,0,9.7502935,0,0
Wyoming,2014,34558.166666666664,37771,12,56,0.6817516066167608,1,0.7270064264670435,1,0,10.6365395,0,0
Wyoming,2015,32711.5,34087,12,56,0.6827951608692946,1,0.7311806434771783,1,0,10.560273666666667,0,0
Wyoming,2016,34088.333333333336,34712,12,56,0.6922467368322265,1,0.7689869473289062,1,0,9.869526333333333,0,0
Wyoming,2017,31956.916666666668,34177,12,56,0.7265895897192436,1,0.9063583588769746,1,0,7.359655583333334,0,0
Wyoming,2018,28555.083333333332,30647,12,56,0.7354534165518563,1,0.9418136662074249,1,0,6.711862583333334,0,0
Wyoming,2019,23880.833333333332,28009,12,56,0.7227889787918268,1,0.9659856646675209,1,0,6.2702234444444445,0,0
